class3_code,substance_code
110,699601BIJ
111,141330CLQ
111,157030BIJ
111,178030CLQ
111,179530BIJ
111,179531BIJ
111,179532BIJ
111,179533BIJ
111,219830BIJ
111,219831BIJ
111,219833BIJ
111,219834BIJ
111,219835BIJ
111,219836BIJ
111,219838BIJ
111,227330CLQ
111,482201BIJ
111,482202BIJ
111,572801CSI
112,130830ASY
112,130833ASY
112,149203ATB
112,149204ATB
112,160601ATB
112,161801ATB
112,195230BIJ
112,195231BIJ
112,195232BIJ
112,210630BIJ
112,211701ATB
112,211830BIJ
112,243501ATB
112,243502ATB
112,250501ATB
112,250502ATB
112,250503ATR
112,250504ATR
112,680401ATB
112,680402ATB
112,680403ATB
112,717401ACH
112,717402ACH
113,123102ATB
113,123102ATR
113,123104ATR
113,123130ASY
113,136401ATB
113,146801ACH
113,146801ATB
113,146830BIJ
113,147701ATR
113,147702ATR
113,147801ACH
113,155901ACS
113,164201ACH
113,164202ACH
113,164203ACH
113,164204ATB
113,164205ATB
113,181001ATB
113,181002ATB
113,181003ATB
113,181004ATB
113,206301ATB
113,206302ATB
113,206303ATB
113,206330ASS
113,217801ATB
113,229701ATR
113,229703ATB
113,229704BIJ
113,229705ATR
113,229706ATR
113,229707ATR
113,229730BIJ
113,229731BIJ
113,229734ASY
113,241801ACR
113,241801ATB
113,241802ACR
113,241803ACH
113,241803ACR
113,241803ATB
113,241804ACH
113,241804ACR
113,241804ATB
113,246901ATE
113,246902ATE
113,246903ATE
113,247701ATB
113,250601ATB
113,483701ATB
113,488501ATB
113,488501ATR
113,488501BIJ
113,488502ATB
113,488503ATB
113,488505ATB
113,488505ATR
113,488530ALQ
113,488534BIJ
113,488536ALQ
113,488537ALQ
113,509101ACH
113,509330BIJ
113,509331BIJ
113,509401ATB
113,509402ATB
113,509403ATB
113,611702ATB
113,611703ATB
113,611704ATB
113,611705ATB
113,642401ATB
113,642402ATB
113,642403ATB
113,642404ATB
113,642405ATB
113,642406ATB
113,642407ASS
113,692701ALQ
113,700901ATB
113,700902ATB
114,100901ACH
114,100901ACS
114,100901ATB
114,100903ATR
114,101303ATB
114,101305ATB
114,101330ASS
114,101332ASY
114,101401ATB
114,101404ATB
114,101404ATR
114,101406ATB
114,101430ATR
114,110702ATB
114,121130BIJ
114,121131BIJ
114,142301ACS
114,142301ATB
114,142301ATR
114,142302ATB
114,142303ATB
114,142331ASY
114,142332ASY
114,142334ASY
114,143504ATB
114,143506ATB
114,143535BIJ
114,143631BIJ
114,156602ACH
114,156602ATB
114,156603ATB
114,156603ATR
114,156604ATR
114,171530BIJ
114,171531BIJ
114,172802ACS
114,172802ATB
114,172806ATB
114,172807ATR
114,172833ASY
114,172834ASY
114,172835ASY
114,172836ASY
114,172837ASY
114,172838ASY
114,179731BIJ
114,180001ATB
114,180033BIJ
114,186101ATB
114,186102ATR
114,189701ACH
114,189701ATB
114,189701ATD
114,189702ACH
114,189702ATD
114,192132BIJ
114,192134BIJ
114,192136BIJ
114,192144BIJ
114,198102ATB
114,198930BIJ
114,199401ATR
114,199404ATB
114,199501ATB
114,201801ATB
114,214001ACH
114,214001ATB
114,214004ACH
114,214004ATB
114,214031BIJ
114,214130BIJ
114,214202ATB
114,218602ATB
114,219401BIJ
114,233802ATB
114,233803ATB
114,234401ATB
114,242301ATR
114,242302ATR
114,242304ATR
114,242305ACH
114,242305ATB
114,242308ATR
114,242330BIJ
114,242331BIJ
114,249901ATB
114,251800ATB
114,347701ACH
114,347701ATB
114,347702ACH
114,347702ATB
114,347703ACH
114,348201ATB
114,415501ATB
114,415501ATD
114,415601ATB
114,416601ATB
114,454330BIJ
114,458402ATB
114,480600ATB
114,493401ATB
114,493402ATR
114,499401ATB
114,509501ATB
114,513000ATB
114,513000ATR
114,514100ATR
114,516701ATB
114,518000ATB
114,523500ATB
114,527400ATB
114,618201ATB
114,636401ACH
114,636401ATB
114,636901ATB
114,697701ATB
114,713200ATR
114,724600ATB
114,725300ATB
115,193201ACR
115,193201ATB
115,193202ACR
115,193202ATB
115,193203ATR
115,193204ATR
115,193205ACR
115,193206ATR
115,193207ACR
115,193208ACR
115,193209ATR
116,116301ATB
116,550602ATB
116,550603ATB
117,105501ATB
117,105502ATB
117,105504ATB
117,105505ATB
117,105507ATB
117,107501ATB
117,107502ATB
117,107504ATB
117,118501ATB
117,120501ATB
117,120502ATB
117,120503ATB
117,131201ATB
117,131202ATB
117,131901ATB
117,131905ATB
117,131908ATB
117,135702ATB
117,136301ACH
117,136302ACH
117,137501ATB
117,137502ATB
117,137503ATB
117,137504ATB
117,142901ATB
117,142902ATB
117,142903ATB
117,142930BIJ
117,156201ATB
117,156202ATB
117,156501ATB
117,156502ATB
117,156503ATB
117,161501ACH
117,161501ATB
117,161502ACH
117,161502ATB
117,161502ATD
117,167903ATB
117,167904ATB
117,167905ATB
117,167906ATB
117,167908ATB
117,167930BIJ
117,168030BIJ
117,172101ATB
117,172130ASY
117,173701ATB
117,183301ATB
117,183302ATB
117,183303ATB
117,184701ATB
117,184702ATB
117,185501ATB
117,185504ATB
117,185530BIJ
117,185531BIJ
117,196201ATB
117,196201ATD
117,196202ATB
117,196202ATD
117,196203ATB
117,196204ATB
117,196204ATD
117,203401ATB
117,203402ATB
117,204001ATB
117,204001ATD
117,204002ATB
117,204002ATD
117,204004ATB
117,204005ATB
117,209301ATB
117,209302ATB
117,209304ATR
117,209305ATR
117,211401ATB
117,212402ATB
117,224201ATB
117,224201ATD
117,224202ATB
117,224202ATD
117,224203ATB
117,224204ATB
117,227001ATB
117,227002ATB
117,227003ATB
117,229601ATB
117,233401ATB
117,242901ACH
117,242901ATB
117,242902ATB
117,242903ATR
117,247502ACR
117,247504ACR
117,250801ATB
117,250802ATB
117,250803ATB
117,255800ATB
117,355801ACH
117,355802ACH
117,355803ACH
117,378601ATB
117,378602ATB
117,378603ATB
117,378604ATB
117,378605ATB
117,378605ATR
117,378606ATR
117,378607ATR
117,378608ATR
117,378609ATR
117,378610ATB
117,420002ATB
117,420003ATB
117,420004ATB
117,428101ATB
117,428102ATR
117,428103ATR
117,451501ATB
117,451501ATD
117,451502ATB
117,451502ATD
117,451503ATB
117,451504ATB
117,451505ATB
117,451506BIJ
117,451507BIJ
117,451508ATB
117,451509BIJ
117,464901ACH
117,464902ACH
117,464903ACH
117,464904ACH
117,474801ATB
117,474801ATD
117,474802ATB
117,474802ATD
117,474803ATB
117,474803ATD
117,474804ATB
117,495501ACE
117,495502ACE
117,503201ATR
117,503202ATR
117,503203ATR
117,511301ATB
117,511302ATB
117,511303ATB
117,586430BIJ
117,586431BIJ
117,586432BIJ
117,586433BIJ
117,586434BIJ
117,586435BIJ
117,586436BIJ
117,586437BIJ
117,586438BIJ
117,586439BIJ
117,586440BIJ
117,613101ATB
117,626401ATR
117,626402ATR
117,628501ATB
117,628502ATB
117,628504ATB
117,687601ATR
117,687602ATR
117,687603ATR
117,687701ATR
117,687702ATR
117,687703ATR
117,729801ATB
117,729802ATB
117,729803ATB
117,729804ATB
117,729805ATB
119,100501ATE
119,104101ATB
119,106201ATB
119,106230BIJ
119,116001ATB
119,116002ATB
119,134801ATB
119,136505ATR
119,138101ACH
119,138101ACS
119,138101APD
119,138101ATB
119,138103ASY
119,138104ASY
119,138130BIJ
119,148601APD
119,148601ATB
119,148601ATD
119,148602APD
119,148602ATB
119,148602ATD
119,148603ATB
119,148604ATB
119,148630ALQ
119,148631ALQ
119,164202ATR
119,164204ATR
119,172601ATB
119,175731BIJ
119,190001ATB
119,190003ATD
119,190004ATB
119,190004ATD
119,190005ATB
119,190006ATD
119,190031ALQ
119,205303ATB
119,218401ATB
119,224001ATB
119,224030ASS
119,224501ACH
119,224503ACH
119,224504ACH
119,224505ACH
119,224506CPC
119,224507CPC
119,224508CPC
119,224901ATB
119,224902ATB
119,224902ATR
119,224903ATB
119,224904ATB
119,224905ATR
119,224906ATR
119,226401ATB
119,244201ATB
119,256000ACR
119,256000ATB
119,256000ATD
119,256200ATB
119,256300ATB
119,256400ATB
119,256500ATR
119,385203ACR
119,385203ATR
119,385204ACR
119,385204ATR
119,385205ACR
119,385205ATR
119,402501ATB
119,402502ATB
119,402503ATB
119,402504ATB
119,402505ATR
119,402506ATR
119,402507ATR
119,429131BIJ
119,439201ATB
119,439502ATB
119,468300ATB
119,468400ATB
119,468900ATB
119,480401ACH
119,480401ATB
119,480401ATR
119,480402ACH
119,480402ATB
119,480402ATR
119,480403ACH
119,480403ATR
119,480404ACH
119,480405ACH
119,480405ATB
119,480406ACH
119,480406ATB
119,480407ATR
119,480408ATR
119,480409ATR
119,489601ACH
119,489602ACH
119,489603ACH
119,489604ACH
119,489605ACH
119,489606ACH
119,499900ATB
119,507200ATB
119,507300ATB
119,558902BIJ
119,615201ACH
119,622530BIJ
119,624701ATB
119,625201ATB
119,625202ATB
119,643403CPC
119,643404CPC
119,648901ACH
119,648902ACH
119,654403BIJ
119,654404BIJ
119,662301ATB
119,662302ATB
119,668101BIJ
119,683901BIJ
119,689301ACH
119,689801ATB
119,695601BIJ
119,722100ATB
119,724001ASY
119,734701BIJ
119,738600ATB
121,115331CLQ
121,115332CLQ
121,120130BIJ
121,120131BIJ
121,120132BIJ
121,183801CSI
121,183805CCM
121,183902CCM
121,183930BIJ
121,183933BIJ
121,183934CLQ
121,183935BIJ
121,183936BIJ
121,183938CLQ
121,183939BIJ
121,190430BIJ
121,190431BIJ
121,219630COS
121,219631COS
121,225031BIJ
121,225033BIJ
121,314000BIJ
121,314100BIJ
121,314300BIJ
121,314500BIJ
121,450200BIJ
121,513200BIJ
121,649800BIJ
122,111630BIJ
122,113501ATB
122,113501BIJ
122,113502ATB
122,113504ATB
122,131701ATB
122,131702ATB
122,138701ATB
122,138702ACR
122,140401ACH
122,152301ATB
122,152302ATR
122,192004ATB
122,192030BIJ
122,192031BIJ
122,205203ATR
122,217601ATB
122,217630BIJ
122,224730BIJ
122,224731BIJ
122,234030BIJ
122,240701ATB
122,247401BIJ
122,247402BIJ
123,102502ATB
123,116902ATB
123,116904ATB
123,167030BIJ
123,200530BIJ
123,203801ATB
123,203802ATB
123,207001ATB
123,221401ATB
123,221430BIJ
123,241201ATB
124,111830BIJ
124,111831BIJ
124,133501ATB
124,133530BIJ
124,133531BIJ
124,158001ACH
124,172301ATB
124,172330BIJ
124,187630BIJ
124,187631BIJ
124,209130BIJ
124,212101ATL
124,212103ATL
124,212130ALQ
124,240301ACH
124,240301ATB
124,240330BIJ
124,257900ATB
124,314900BIJ
129,660901ACS
131,102931COO
131,109130COO
131,109630COS
131,111833COS
131,116830COS
131,118432COS
131,118434COS
131,123030BIJ
131,124833COS
131,134132COS
131,138931COS
131,138933COS
131,141906CIM
131,141930COO
131,141931COS
131,142231COO
131,143532COS
131,143533COS
131,148830COS
131,152530COS
131,152532COS
131,161232COS
131,161237COS
131,161238COS
131,161242COS
131,161244COS
131,162030COS
131,164630COO
131,169130COS
131,180030COS
131,180032COS
131,180137COS
131,180138COS
131,180147COS
131,181502COS
131,181531COS
131,181532COS
131,183230COS
131,183231COS
131,183241COS
131,183243COS
131,183244COS
131,183245COS
131,198231COS
131,202330COS
131,203934COO
131,203935COO
131,203936COS
131,203937COS
131,209630COS
131,212331COS
131,213630COS
131,216134COS
131,217131COS
131,217132COS
131,217135COS
131,217138COS
131,222930COS
131,222931COS
131,228632COS
131,228633COS
131,228643COS
131,228645COS
131,228648COS
131,228650COS
131,228651COS
131,228652COS
131,228653COS
131,228740COS
131,228742COS
131,228834COS
131,228835COS
131,239632COS
131,239634COS
131,239636COS
131,242230COS
131,242630COS
131,243340BIJ
131,244030COS
131,245332COS
131,364501BIJ
131,380331COS
131,380333COS
131,380334COS
131,391600COS
131,391730COS
131,391731COS
131,391733COS
131,391736COS
131,391737COS
131,391738COS
131,391742COS
131,391743COS
131,391744COS
131,391747COS
131,391751COS
131,391752COS
131,401637COS
131,417530COS
131,434830COS
131,442230COS
131,442231COS
131,453930COS
131,457731COS
131,461330COS
131,475130COS
131,475131COS
131,509030COS
131,509031COS
131,515400COS
131,520830COS
131,530001COS
131,530002COS
131,530006COS
131,530020COS
131,530021COS
131,530024BIJ
131,530025COS
131,530029COS
131,530031COS
131,530032BIJ
131,530037COS
131,530039COS
131,530042COS
131,530048COS
131,530049COS
131,530053COS
131,530054COS
131,530059COS
131,530060COS
131,530061COS
131,530063COS
131,530064COS
131,530065COS
131,530068COS
131,530069COS
131,530071COS
131,530072COS
131,530073COS
131,530074COS
131,5300A4COS
131,5300B9COS
131,5300C1COS
131,538100COS
131,538200COS
131,538300COS
131,538400COS
131,538500COO
131,538700COS
131,538800COS
131,538900COS
131,539000COS
131,539200COS
131,539300COS
131,539800COO
131,539900COO
131,540100COS
131,540200COS
131,540400COO
131,540600COS
131,540900COS
131,541000COS
131,541100BIJ
131,541200COS
131,541300COS
131,541500COS
131,541600COS
131,541700COS
131,541900COS
131,568603COS
131,568605COS
131,617330COS
131,617332COS
131,617333COS
131,617335COS
131,617338COS
131,617339COS
131,619202COS
131,619204COS
131,619205COS
131,619206COS
131,619330COS
131,619331COS
131,642200COS
131,670100COS
131,680900COS
131,687500COS
131,692801COS
131,692802COS
131,694601COS
131,694602COS
131,729301BIJ
131,736101COS
131,800200COS
131,800900COS
131,801000COS
132,119435CLQ
132,119437CLQ
132,177132CLQ
132,203936CLQ
132,212301ATB
132,243330CLQ
132,361308CSI
132,361331CSI
132,361349CSI
132,500430CSI
132,510030CSI
132,520200CSI
132,542200CSS
132,542300CSS
132,542400CLQ
132,673300CSI
132,690000CSI
132,690100CSI
141,130501ATB
141,131801ATB
141,131830BIJ
141,135201ATB
141,150601ATB
141,150630ALQ
141,151301ACR
141,151302ACR
141,185401ACS
141,185401ATB
141,185430ASY
141,190502ATB
141,190532ASY
141,206201ATB
141,260100ACR
141,347901ATB
141,347902ATB
141,347903ATB
141,347904ACS
141,347904ATB
141,355901ATB
141,395400ATB
141,453901ATB
141,453902ATB
141,453904ATR
141,463601ATB
141,463633ALQ
141,463634ALQ
141,463635ALQ
141,463637ALQ
141,508801ATD
141,521601ATB
141,521602ATR
141,524800ATB
141,530800ASY
141,531100ASY
141,531300ASY
141,531500ASY
141,551501ATB
141,639501ATB
141,659601ATB
142,112401ATB
142,112402ATB
142,112403ATB
142,139201ACS
142,139204ACS
142,139230BIJ
142,174301BIJ
142,186701ACH
142,186702ACH
142,194701ACS
142,194702ACS
142,194703ACS
142,194730ALQ
142,196601ATB
142,196602ATB
142,197801ACH
142,197802ATB
142,197830ASS
142,234201ACH
142,234201ATB
142,234203ACH
142,234203ATB
142,234204ACH
142,234204ATB
142,234205ACR
142,234206ACR
142,234207ACR
142,234208ATB
142,234230BIJ
142,235101ACH
142,359401BIJ
142,434601ATB
142,434602ATB
142,451401ATE
142,451402ATE
142,485501ATB
142,485502ATB
142,485503ATB
142,485601ATB
142,485602ATB
142,485603ATB
142,485604ATB
142,520430BIJ
142,520431BIJ
142,520432BIJ
142,520433BIJ
142,615030BIJ
142,615031BIJ
142,615032BIJ
142,621230BIJ
142,621231BIJ
142,621232BIJ
142,627201ATB
142,627202ATB
142,627204ATR
142,627205ASY
142,642701BIJ
142,642702BIJ
142,644602BIJ
142,644603BIJ
142,644604BIJ
142,648901ATE
142,648903ATE
142,667801BIJ
142,667901ATB
142,667902ATB
142,670401BIJ
142,670402BIJ
142,670901BIJ
142,686201BIJ
142,686202BIJ
142,689901ATR
142,689902ATR
142,703701ATB
142,703702ATB
142,703703ATB
142,720001ACH
142,725201ATB
142,725202ATB
142,725401ATB
142,725701BIJ
142,726600ACH
142,734101BIJ
142,735701ATB
142,735800ATB
142,736901BIJ
142,737401ACH
142,739701BIJ
142,741201BIJ
149,112501ATB
149,152501ATB
149,152502ATB
149,209602ATB
149,209631ASY
149,216401ACH
149,216402ASS
149,216403ACH
149,216404ATB
149,216405ASS
149,216406ASS
149,216407ASS
149,216408ATB
149,216409ATB
149,216410ATB
149,216430ASY
149,216431ASY
149,216432ASY
149,216433ASY
149,251201ACS
149,251202ACS
149,374601ATB
149,374601ATD
149,374602ATB
149,374602ATD
149,374603AGN
149,374603ATB
149,374603ATD
149,388801BIJ
149,391703ATB
149,487001ATB
149,572901BIJ
149,572903BIJ
149,572904BIJ
149,659900ACH
149,659900ATB
149,670600ATB
211,107301ATB
211,107301ATR
211,107303ATR
211,107330BIJ
211,117903ATB
211,117904ATB
211,121330BIJ
211,144801ATB
211,144830BIJ
211,144831AEL
211,148230BIJ
211,245802ACH
211,389000BIJ
211,399600BIJ
212,107401ATB
212,107430BIJ
212,110201ATB
212,110202ATB
212,124801ATB
212,154430BIJ
212,154431BIJ
212,159302ATB
212,219501ATB
212,219502ATB
212,219503ACR
212,219504ACR
212,219505ACR
212,219901ATB
212,219904ATB
212,230402ATB
212,502101ACH
212,502102ACH
212,597401ATB
213,101501ATB
213,101502BIJ
213,106901ATB
213,112901ATB
213,163801ATB
213,163830BIJ
213,170801ATB
213,174403ATB
213,231101ATB
213,231102ATB
213,242001ATB
213,242002ATB
213,242003ATB
213,249401ATB
213,451302ATB
214,104201ATB
214,104202ATB
214,107601ATB
214,107602ATB
214,107603ATB
214,111402ATB
214,111403ATB
214,114001ACH
214,114002ACH
214,114003ACH
214,115101ATB
214,115102ATB
214,115103ATB
214,115104ATB
214,116801ATB
214,116803ATB
214,122601ATB
214,122602ATB
214,122603ATB
214,122604ATB
214,122901ATB
214,122902ATB
214,122903ATB
214,125001ATB
214,125002ATB
214,125003ATB
214,125004ACR
214,125004ATR
214,125005ATB
214,125006ACR
214,125006ATR
214,125007ACR
214,125007ATR
214,125008ACR
214,125008ATR
214,133001ATB
214,133002ATB
214,133003ATB
214,133101ATB
214,133102ATB
214,149102ATB
214,149104ATR
214,151601ATB
214,151603ATB
214,157501ATR
214,157503ATR
214,174401ATR
214,177301ATB
214,177303ATB
214,180230BIJ
214,180231BIJ
214,180301ATB
214,180302ATB
214,180303ATB
214,182001ATB
214,184501ATB
214,185701ATB
214,185702ATB
214,185703ATB
214,188001ATB
214,188002ATB
214,196102ATB
214,201030BIJ
214,201031BIJ
214,201033BIJ
214,211301ATB
214,211302ATB
214,222401ATB
214,222402ATB
214,222404ATB
214,229330BIJ
214,247101ATB
214,247102ATB
214,247103ATB
214,247104ATB
214,262100ATB
214,262500ATB
214,356400ATB
214,378801ATB
214,378802ATB
214,378803ATB
214,378900ATB
214,385700ATB
214,385800ATB
214,423700ATB
214,429201ATB
214,442600ATB
214,443200ATB
214,443300ATB
214,447100ATB
214,447200ATB
214,459801ACH
214,459801ATB
214,459802ACH
214,459901ATB
214,459902ATB
214,460500ATB
214,464601ATB
214,468501ATB
214,468502ATB
214,468503ATB
214,469800ATB
214,469900ATB
214,470000ATB
214,470801ATB
214,470802ATB
214,471430CSI
214,476201ATB
214,479701ATB
214,483101ATB
214,483102ATB
214,483201ATB
214,483202ATB
214,483401ACH
214,485201ATB
214,485202ATB
214,486501ATB
214,486502ATB
214,486503ATB
214,486900ATB
214,489501ATB
214,489502ATB
214,489503ATB
214,492800ATB
214,492900ATB
214,495800ATB
214,500500ATB
214,501601ATB
214,501602ATB
214,502600ATB
214,502700ATB
214,503000ATB
214,511500ATB
214,511600ATB
214,511700ATB
214,512430BIJ
214,512431BIJ
214,512432BIJ
214,513600ATB
214,513900ATB
214,515201ATB
214,515202ATB
214,515203ATB
214,519700ATB
214,519800ATB
214,520000ATB
214,521200ATB
214,521300ATB
214,521400ATB
214,522000ATB
214,522200ATB
214,522300ATB
214,522400ATB
214,522600ATB
214,522700ATB
214,522800ATB
214,522900ATB
214,523000ATB
214,523100ATB
214,523200ATB
214,523300ATB
214,523400ATB
214,526800ATB
214,547800ATB
214,547900ATB
214,548000ATB
214,553301ATB
214,556200ATB
214,564701ATB
214,564702ATB
214,582200ATB
214,582400ATB
214,623100ATB
214,627601ATB
214,627602ATB
214,627603ATB
214,627604ATB
214,627605ATB
214,629400ATB
214,629500ATB
214,629600ATB
214,631300ATB
214,632201ATB
214,632800ATB
214,632900ATB
214,633000ATB
214,637400ATB
214,637500ATB
214,637600ATB
214,644800ATB
214,651900ATB
214,652000ATB
214,652100ATB
214,652301ATB
214,652302ATB
214,652303ATB
214,652304ATB
214,652700ATB
214,652900ATB
214,653000ATB
214,653100ATB
214,662401ATB
214,662402ATB
214,662403ATB
214,662800ATB
214,662900ATB
214,663000ATB
214,663500ATB
214,663600ATB
214,663700ATB
214,673500ATB
214,673600ATB
214,682700ATB
214,682800ATB
214,682900ATB
214,697300ATB
214,697400ATB
214,697500ATB
214,697600ATB
214,701401ATB
214,701402ATB
214,707500ATB
214,707600ATB
214,707700ATB
214,709000ATB
214,709100ATB
214,710700ATB
214,716100ATB
214,717500ATB
214,721100ATB
214,728200ATB
214,728300ATB
214,728400ATB
214,736200ATB
214,736600ATB
214,736700ATB
214,736800ATB
214,742600ATB
215,146602ACH
215,146603ATB
215,163601ATB
215,478801ATB
216,195601ATB
216,211930BIJ
217,145701ACR
217,145703ACR
217,145704BIJ
217,145706ATB
217,145707ACR
217,145707ATR
217,160501ACH
217,178403ACR
217,178406ACR
217,178407ATR
217,178501ATB
217,178502ATB
217,178504ATR
217,178506ATR
217,197001ATB
217,197002ATB
217,198601ACH
217,198601ATB
217,201301ATB
217,201302BIJ
217,201402ATR
217,201405ATR
217,201409ATR
217,201901ATB
217,201930BIJ
217,202602ATL
217,202632BIJ
217,202633BIJ
217,202634CPC
217,202637CSI
217,244501ATB
217,244502ATR
217,247603ATR
217,247605ATR
217,247606ATB
217,247607ATB
217,247630BIJ
217,441201ATB
217,441202ATB
217,528201ATR
218,102201ACH
218,111501ATB
218,111502ATB
218,111503ATB
218,111504ATB
218,111505ATB
218,117101ATB
218,117102ATR
218,136901ATB
218,136902ATB
218,157702ACR
218,157704ATB
218,157706ATB
218,162403ATR
218,185801ATB
218,194901ACH
218,194902ACH
218,194930ACH
218,194930ATB
218,216601ATB
218,216602ATB
218,216603ATB
218,216604ATB
218,227801ATB
218,227802ATB
218,227806ATB
218,454001ATB
218,454001ATD
218,454002ATB
218,454002ATD
218,454003ATB
218,454003ATD
218,454005ATB
218,462201ATB
218,470901ATB
218,470902ATB
218,470903ATB
218,471000ATB
218,471100ATB
218,492501ATB
218,495201ATB
218,498801ATB
218,498900ATB
218,501501ATB
218,502201ATB
218,502202ATB
218,502203ATB
218,502204ATB
218,507800ATB
218,517900ACE
218,517900ATE
218,519300ACH
218,520301ACH
218,520302ATE
218,597301ATB
218,597302ATB
218,615901ATB
218,615902ATB
218,633800ATB
218,633900ATB
218,634600ATB
218,634800ATB
218,640700ATB
218,640800ATB
218,640900ATB
218,642301ACR
218,642301ATR
218,659501BIJ
218,663400ACS
218,667500ACE
218,674701BIJ
218,674702BIJ
218,674703BIJ
218,679300ACH
218,679300ATB
218,679401ACS
218,679402ACS
218,679403ACS
218,694000ACS
218,699400ATB
218,699500ATB
218,701100ATB
218,702800ATB
218,711200ACS
218,721300ATB
218,734000ACS
218,742400ACE
219,100430BIJ
219,100431BIJ
219,103030BIJ
219,103031BIJ
219,105630BIJ
219,105631BIJ
219,105701BIJ
219,111001ACE
219,111001ATE
219,117901ATB
219,117902ATB
219,121701ATB
219,124503ATB
219,124530BIJ
219,124531ALQ
219,124535ALQ
219,124536ALQ
219,124537ALQ
219,134631BIJ
219,148101ATB
219,148103ATB
219,148731BIJ
219,148732BIJ
219,165301ATB
219,165303ATB
219,165305ATB
219,165310ATB
219,172701ACR
219,172830BIJ
219,173201ATB
219,179303ATE
219,184101ATB
219,193802ATB
219,195730BIJ
219,198301ATB
219,201201ATB
219,201203ATB
219,201204ATB
219,210802ATR
219,215402ACM
219,215402AGN
219,215402APD
219,215430ASS
219,215432ASS
219,220630BIJ
219,223501BIJ
219,223502BIJ
219,240230BIJ
219,244101ACH
219,244102ACH
219,248901ATB
219,248902ATB
219,359632BIJ
219,359633BIJ
219,389400BIJ
219,389500BIJ
219,389700BIJ
219,423930BIJ
219,423931BIJ
219,429500BIJ
219,441430BIJ
219,461601ATB
219,472300ATB
219,472400ATB
219,472500ATB
219,489700ACR
219,495401ACH
219,517701APD
219,517701ATB
219,517702ATB
219,518900ATB
219,524000ATB
219,524100ATB
219,525000ATB
219,525100ATB
219,525200ATB
219,525300ATB
219,526300ATB
219,526400ATB
219,526500ATB
219,526900ATB
219,527000ATB
219,527100ATB
219,550401ATB
219,550402ATB
219,616501ATB
219,616502ATB
219,616503ATB
219,616504ATB
219,627901BIJ
219,629700ATB
219,629800ATB
219,629900ATB
219,630000ATB
219,630100ATB
219,630200ATB
219,631600ATB
219,631700ATB
219,634900ATB
219,635000ATB
219,635100ATB
219,635200ATB
219,644100ATB
219,644200ATB
219,651401ATB
219,651402ATB
219,651403ATB
219,653200ATB
219,654700ATB
219,654800ATB
219,654900ATB
219,655000ATB
219,661800ATB
219,661900ATB
219,662000ATB
219,662100ATB
219,663900ATB
219,664000ATB
219,664100ATB
219,664200ATB
219,664300ATB
219,664400ATB
219,670301ATB
219,671200ATB
219,671300ATB
219,671400ATB
219,671500ATB
219,671700ATB
219,673700ATB
219,673900ATB
219,674000ATB
219,674100ATB
219,677000ATB
219,677100ATB
219,677300ATB
219,677400ATB
219,678600ATB
219,679500ATB
219,679600ATB
219,679700ATB
219,680300ATB
219,683000ATB
219,683100ATB
219,683200ATB
219,684300ATB
219,684400ATB
219,684500ATB
219,684600ATB
219,686800ATB
219,686900ATB
219,688100ATB
219,688200ATB
219,688300ATB
219,688400ATB
219,690400ATB
219,690500ATB
219,690600ATB
219,690700ATB
219,691200ATB
219,691400ATB
219,692000ATB
219,692100ATB
219,692200ATB
219,692300ATB
219,692400ATB
219,692500ATB
219,693000ATB
219,701700ATB
219,701800ATB
219,701900ATB
219,702000ATB
219,702100ATB
219,702200ATB
219,704001ATB
219,704002ATB
219,704003ATB
219,706300ATB
219,706400ATB
219,706500ATB
219,706600ATB
219,706700ATB
219,708900ATB
219,709700ATB
219,709800ATB
219,709900ATB
219,710000ATB
219,710100ATB
219,710200ATB
219,710501ACH
219,712200ATB
219,712300ATB
219,712400ATB
219,712500ATB
219,719800ATB
219,719900ATB
219,721501ACH
219,721502ACH
219,721503ACH
219,721504ACH
219,722700ATB
219,722800ATB
219,726400ATB
219,726500ATB
219,727600ATB
219,728001ACS
219,728100ATB
219,728500ACE
219,729201ATB
219,729202ATB
219,730100ATB
219,738700ATB
219,738800ATB
219,738900ATB
219,739000ATB
219,741000ATB
219,741100ATB
220,542800CSI
220,542900CSI
220,543000CSI
220,636700CSI
220,636800CSI
221,199130BIJ
221,199131BIJ
221,199132BIJ
221,516800ALQ
221,516800BIJ
221,559700ALQ
221,559800BIJ
222,101801ACH
222,101804ACH
222,101807ATB
222,101830AGN
222,101831BIJ
222,101832BIJ
222,101833BIJ
222,101834CLQ
222,101835BIJ
222,101839ASY
222,101842AGN
222,101843AGN
222,101845CLQ
222,101846CLQ
222,101847CLQ
222,106301ATB
222,106330BIJ
222,106331ASY
222,115801ACS
222,118601ATB
222,119530CSI
222,119533CSI
222,123801ACH
222,123804ACH
222,123840ASY
222,123841ASY
222,123843ASY
222,123844ASY
222,150007ATB
222,150033ASY
222,150034ASY
222,150044ASY
222,150045ASY
222,150046ASY
222,152430BIJ
222,153101ACH
222,153101ATB
222,153130ASY
222,157901ATB
222,162232CSI
222,162233CSI
222,162235CSI
222,163130ASY
222,177131CLQ
222,180101ATB
222,180140ASY
222,180142ASY
222,180151ASY
222,183102ATB
222,183103ATR
222,183131ASY
222,183135ASY
222,192401ATB
222,207701ATB
222,218301ATB
222,218302ATB
222,225530CSI
222,225531CSI
222,225532CSI
222,228201ACH
222,228202ACH
222,237001ACR
222,237003ACR
222,237031ASY
222,242601ACH
222,264800ATB
222,267400ATB
222,268000ATB
222,429030ASS
222,429031ASS
222,439101ATB
222,452101CPC
222,452102CPC
222,452103CPC
222,493200ATB
222,497130CSI
222,497131CSI
222,500431CSI
222,500432CSI
222,503301ACH
222,532000ASY
222,532100ASY
222,532500ASY
222,532600ASY
222,532700ASY
222,532800ASY
222,532900ASY
222,533000ASY
222,533400ASY
222,533500ASY
222,533600ASY
222,543100CSI
222,543300CSI
222,543500CSI
222,543800CSI
222,543900CSI
222,544000CSI
222,544100CSI
222,544200CSI
222,677200ASY
222,684000ASY
222,690300ASY
222,696700CSI
222,801100CSI
223,370602CSI
223,693101CSI
229,100701ACH
229,100702ATR
229,113601ATB
229,186302BIJ
229,186304BIJ
229,186305BIJ
229,186330BIJ
229,220902ATB
229,443600ATB
229,457301CCH
229,457330CSI
229,474501BIJ
229,490303ATB
229,490331ASY
229,490335ASY
229,490336ASY
229,503430CSI
229,611901CSI
229,611902CSI
229,614701ATB
229,620301ATB
229,620302ATB
229,620303ATB
229,631200CSI
229,633730CSI
229,635300CSI
229,641101CSI
229,643700CSI
229,651201BIJ
229,656101ACS
229,656101ATB
229,656102ACS
229,656102ATB
229,669801BIJ
229,672200CSI
229,681301BIJ
229,683700ASY
229,683800CSI
229,687100ASY
229,698400CSI
229,698500CSI
229,698600CSI
229,698700CSI
229,698800CSI
229,699901ATB
229,730500CSI
229,800100CSI
230,740800ATB
231,116131CLQ
231,116132CLQ
231,116134CLQ
231,131330CLQ
231,131331CLQ
231,131332CLQ
231,131341CLQ
231,131344CLQ
231,131348CLQ
231,149702ACH
232,109903ATB
232,109931ALQ
232,109932ALQ
232,109935ALQ
232,109937ALQ
232,115001ACH
232,118101ASS
232,133301ATB
232,133302ATB
232,133303ATB
232,133330BIJ
232,157301ATB
232,157301ATD
232,157302ATB
232,157302ATD
232,157302BIJ
232,157303ATB
232,167003ATB
232,181301ACE
232,181301ATD
232,181302ACE
232,181302ATD
232,196301ATB
232,196302ATB
232,202701ACH
232,202701ATB
232,202704ATB
232,204401ACE
232,204401ATE
232,204402ATE
232,204403ATE
232,208801ATE
232,208801BIJ
232,208802ATE
232,222201ATE
232,222202ATE
232,222203ATE
232,222901ATB
232,222902ATR
232,225201ACR
232,225201ATR
232,225202ACR
232,225202ATR
232,233102ATB
232,235401ACH
232,244802ATB
232,367201ACH
232,367201ACR
232,367201ATB
232,367202ACH
232,367202ACR
232,367202ATB
232,367203ACR
232,367203ATB
232,430101ATB
232,430102ATB
232,459401BIJ
232,488601ATB
232,489302ATB
232,494201ATB
232,494201ATD
232,494202ATB
232,494202ATD
232,498001ACH
232,498002ACH
232,505501ATE
232,505601ATB
232,509902ACH
232,519201ATE
232,519202ATE
232,621701ATB
232,621702ATB
232,621901ACR
232,621902ACR
232,640200ATB
232,656701ATE
232,664500ATB
232,670700ATB
232,675801ATB
232,675801ATD
232,675802ATB
232,675802ATD
232,684100ATB
232,694400ATB
232,694500ATB
232,704600ATB
232,704701ATB
232,704702ATB
232,705900ATB
232,706000ATB
232,706100ATB
232,708000ATB
232,718400ATB
232,719500ATB
232,719600ATB
232,723400ATB
232,726700ATB
232,730300ATB
232,733301ATB
232,734800ATB
232,737800ATB
232,737900ATB
232,740900ATB
234,105201ASS
234,105203ATB
234,105230ASS
234,105902ATB
234,121801ATB
234,187201ASS
234,187203ATB
234,187402ATB
234,187501ATB
235,145901ATB
235,167301ATB
235,167330BIJ
235,167331BIJ
235,204601ATD
235,204603ATB
235,204603ATD
235,204630BIJ
235,204631BIJ
235,222601ATD
235,222630BIJ
235,483001ACH
235,483002ACH
235,490030BIJ
235,490031BIJ
235,505701CPC
235,616001BIJ
235,654500ATE
235,674900ACH
236,100301ACH
236,246502ATB
236,246503ACH
236,246506ATB
237,113201ACH
237,113231AGN
237,113232APD
237,146430ASS
237,146431ASS
237,146432ASS
237,164431APD
237,180501ACH
237,185102ACH
237,225402ACH
237,225402APD
237,231802ACH
237,461101ACH
237,461130AGN
237,461130APD
237,461131AGN
237,461131APD
237,473502ACE
237,473503ACE
237,473533APD
237,487401ACH
237,720200APD
237,727100APD
237,738400APD
238,117802CSP
238,214630AGN
238,415730APD
238,544700CLQ
238,544900CLQ
238,622001ATB
238,622002ATB
239,114511ATE
239,122301ATB
239,142430BIJ
239,148402ATB
239,148432ASS
239,148501ATB
239,183501ATB
239,190802AGR
239,190802ATR
239,190802CSP
239,190803ATR
239,190803CSP
239,190806AGR
239,190808ATR
239,190811ATR
239,190812ATR
239,190832CLQ
239,193701ATB
239,193730BIJ
239,212501ATB
239,222602ATB
239,222603ATB
239,227730ASS
239,227731ASS
239,227735ASS
239,230202BIJ
239,244301ATB
239,244302ATB
239,244303ATR
239,244305ATB
239,244330ASY
239,294300ACS
239,421001APD
239,421001ATB
239,421004ATR
239,475001ACH
239,593401ACH
239,614901ATB
239,668001ACH
241,141401APD
241,141401ATB
241,141401ATD
241,141404APD
241,141404ATB
241,141404ATD
241,141407ATL
241,141408ATL
241,141409ATL
241,141410ATL
241,141411ATL
241,141430BIJ
241,236003BIJ
241,236030BIJ
241,247330BIJ
241,348405BIJ
241,348407BIJ
241,348409BIJ
241,348430BIJ
241,348431BIJ
241,348432BIJ
241,348434BIJ
241,348435BIJ
241,348436BIJ
241,348440BIJ
241,348441BIJ
241,348443BIJ
241,348446BIJ
241,723201BIJ
241,723202BIJ
243,151130BIJ
243,151131BIJ
243,183601ATB
243,183602ATB
243,183603ATB
243,183604ATB
243,183606ATB
243,183607ATB
243,183608ATB
243,183609ATB
243,183610ATB
243,183611ATB
243,183612ATB
243,191801ATB
243,191803ATB
243,220101ATB
243,439601BIJ
243,471501ATB
243,471502ATB
243,487502BIJ
243,646301BIJ
244,207201ATB
245,116401ATB
245,116530BIJ
245,119501CMS
245,140801ATB
245,141901ATB
245,141903ATB
245,141904ATB
245,142230BIJ
245,142232BIJ
245,152630BIJ
245,152633CLQ
245,160201ATB
245,170901ATB
245,170906ATB
245,193302ATB
245,193304ATB
245,193305ATB
245,193601BIJ
245,193603BIJ
245,193604BIJ
245,203131BIJ
245,203132BIJ
245,203133BIJ
245,217001ATB
245,217034ASY
245,243201ATB
245,243202ATB
245,243203ATB
245,243335BIJ
245,547100CCM
245,547400CCM
245,669401BIJ
245,669402BIJ
247,139401ATB
247,140302ACH
247,154901ATB
247,154903ATB
247,155001ATB
247,155002ATB
247,155401ATB
247,155402ATB
247,183401CIM
247,188903ATB
247,188906ATB
247,195001ACS
247,239001ATB
247,297400ATB
247,297800ATB
247,398400ATB
247,433700ATB
247,433800ATB
247,490400ATB
247,556301BIJ
247,615701ATB
249,136201ATB
249,162702BIJ
249,162730BIJ
249,162731BIJ
249,162732BIJ
249,162734BIJ
249,162735BIJ
249,162803BIJ
249,162804BIJ
249,162805BIJ
249,169402BIJ
249,169404BIJ
249,181202BIJ
249,181203BIJ
249,181204BIJ
249,190201BIJ
249,190202BIJ
249,203702BIJ
249,203703BIJ
249,203704BIJ
249,203730BIJ
249,455735BIJ
249,455736BIJ
249,455737BIJ
249,455738BIJ
249,455739BIJ
249,465001BIJ
249,500330BIJ
249,500331BIJ
249,500333BIJ
249,500334BIJ
249,500336BIJ
249,500337BIJ
249,500338BIJ
249,500339BIJ
249,500340BIJ
249,500341BIJ
249,500342BIJ
249,500343BIJ
249,504303BIJ
249,504305BIJ
249,504306BIJ
249,504307BIJ
249,504308BIJ
249,504309BIJ
249,504310BIJ
249,504311BIJ
249,554600BIJ
249,565601BIJ
249,572531BIJ
249,572532BIJ
249,572533BIJ
249,572534BIJ
249,572535BIJ
249,572536BIJ
249,572537BIJ
249,572538BIJ
249,621601BIJ
249,621603BIJ
249,685401BIJ
249,685402BIJ
249,685403BIJ
249,689501BIJ
249,689502BIJ
249,689503BIJ
249,689504BIJ
249,689505BIJ
252,146304CTR
252,193030BIJ
252,207530BIJ
252,207531BIJ
252,233501BIJ
255,135632CCM
255,137401CTB
255,137403CTB
255,155202CSP
255,216203CSP
255,226702ACS
255,336400CCS
255,505801ATB
255,507700CTB
256,392430CCM
259,104803ATR
259,159001ATB
259,210701ACH
259,215902ATR
259,219701ATB
259,219702ATB
259,224330BIJ
259,234601ACR
259,234601ATD
259,234601ATR
259,234603ACR
259,234603ATD
259,234603ATR
259,235501ATB
259,235502ATB
259,235503ATB
259,245501ATB
259,299100AGN
259,357102ACR
259,357102ATB
259,357103ACR
259,357103ATR
259,458801ACS
259,458801ATB
259,473430BIJ
259,473431BIJ
259,493801ATB
259,493802ATB
259,503801ATR
259,503802ATR
259,504202ACH
259,504202ATB
259,504203ACH
259,504203ATD
259,614201ATB
259,614202ATB
259,614203ATB
259,625701ATR
259,625702ATR
259,655601ATB
259,655602ATB
259,657401ATB
259,657402ATB
259,698100ACR
261,131303CCM
261,131304CLQ
261,131309CDS
261,131311CDS
261,131321CDS
261,216201CLQ
261,216206CDS
261,216206CLQ
261,216214CDS
261,216227CDS
261,216245COM
261,216250CDS
261,216255CDS
261,382201CLQ
261,382203CLQ
262,249303CDS
262,454600CDS
263,186933CCM
263,227430CCM
263,227431CCM
263,227432CCM
263,227433CCM
263,417830CLQ
264,107730CLT
264,107731CLT
264,120203CPC
264,120204CPC
264,120205CPC
264,120234CPC
264,120235CPC
264,120236CPC
264,122831CCM
264,122832CCM
264,135831CCM
264,135831COM
264,135833CLQ
264,135834CLQ
264,135835CLQ
264,135836CLQ
264,135837CLQ
264,135838CLQ
264,135839CLT
264,135842CCM
264,135842COM
264,135844CCM
264,135844COM
264,135845COM
264,141531CCM
264,141533CCM
264,141535CLT
264,141537CLT
264,141540CLT
264,141542CCM
264,141543CLT
264,141631CCM
264,141632CCM
264,141633CLT
264,141634CLT
264,141636CCM
264,142131CCM
264,143302CPL
264,143331CCM
264,143537CCM
264,144431CCM
264,144432CCM
264,144433CCM
264,144434CCM
264,144530COM
264,144532CLT
264,160834CLQ
264,160835CCM
264,161904CPL
264,170932CCM
264,170933CSS
264,170934CSS
264,170938CLT
264,170939CLT
264,170941CLT
264,170942CLT
264,170943CLT
264,170944CLT
264,170945CLT
264,170946CLT
264,170947COM
264,171130CCM
264,174830CCM
264,174834CCM
264,179732COM
264,179733CCM
264,179733COM
264,179734COM
264,179735CCM
264,179736CCM
264,179901CPL
264,179901CPO
264,179903CPL
264,183806CPO
264,193433CCM
264,193433COM
264,193434CLT
264,193435CLT
264,193438CLT
264,214005CPC
264,214033CCM
264,214035CCM
264,214037CCM
264,216932CCM
264,216932COM
264,216933CCM
264,216933COM
264,216935CCM
264,216935CLT
264,216936CLQ
264,216939CCM
264,216940CLQ
264,216941CLQ
264,216943CLQ
264,216944COM
264,216945CLT
264,216946CCM
264,216947CCM
264,216947COM
264,217531CCM
264,217533CCM
264,217534CCM
264,217535CLT
264,217536CCM
264,217537CCM
264,243331CCM
264,243332CCM
264,243339COM
264,361332CCM
264,361333CCM
264,361334CCM
264,361334COM
264,361336CCM
264,361338CCM
264,361339CLT
264,361340CLT
264,361342CLT
264,361344CLT
264,361346COM
264,361347CCM
264,361347COM
264,361350CLT
264,361351CLT
264,657500CCM
265,107830CCM
265,107832CLQ
265,107833CLQ
265,120930CCM
265,120933CCM
265,120934CCM
265,120935CCM
265,120936CCM
265,137431CCM
265,137433CCM
265,137434CCM
265,137435CCM
265,137436CCM
265,150831COM
265,159930CCM
265,162330CCM
265,162331CCM
265,162333CCM
265,162337CCM
265,177932CCM
265,179632CCM
265,179633CCM
265,179636CCM
265,198731CCM
265,198732CCM
265,226902CTB
265,226931CCM
265,226932CCM
265,235630CCM
265,235631CCM
265,235632CCM
265,235633CCM
265,235731CCM
265,235733CCM
265,235735CCM
265,235736CLQ
265,235744CCM
265,235745CCM
265,451630CCM
265,451631CLQ
265,528800CCM
265,528900CCM
265,545500CCM
265,545600CCM
265,545800CCM
265,545900CCM
265,546600CCM
265,546700CCM
265,546900CCM
265,548200CCM
265,548300CCM
265,548500CCM
265,801200CCM
266,246132CCM
266,246132COM
266,246133CCM
266,246134CCM
266,246136CCM
266,426001CCM
269,102935CCM
269,102935COM
269,102936CCM
269,102937CCM
269,102939COM
269,121530COM
269,141634COM
269,141635COM
269,144731CCM
269,194130CCM
269,194132CCM
269,197630COM
269,197631COM
269,197632COM
269,197633COM
269,197634COM
269,197635COM
269,426330COM
269,426331COM
269,426332COM
269,426333COM
269,439302CCM
269,446430CCM
269,446431CCM
269,548600CCM
269,548700CCM
269,548800CCM
269,548900CCM
269,549300CCM
269,549400CCM
269,549700CCM
269,549700CEN
269,549700COM
269,549800CCM
269,549800COM
269,658500CCM
269,685900CCM
269,800500CCM
310,110405ATB
311,102301ACH
311,104601ACS
311,104601ATB
311,104602ACS
311,121601ACS
311,121630BIJ
311,178701ACS
311,430731BIJ
311,624001ACS
311,624002ACS
312,237301ATB
312,237330BIJ
312,316400BIJ
312,316600BIJ
313,162601ATB
313,162602ATB
313,188601ACH
313,188602ACH
313,188602ATB
313,221603ATB
313,221606ATB
314,110430BIJ
314,110431BIJ
314,110433BIJ
315,248830BIJ
316,301500ATB
316,301600ATB
316,316900BIJ
316,317000BIJ
319,712800ATB
319,720400ATB
321,122001BIJ
321,122202BIJ
321,302600ATB
321,303200ATB
321,462700ATB
321,473800ATB
321,480200ATB
321,498200ATB
321,498300ATB
321,503100ATB
321,508700ATB
321,519000ATB
321,526100ATB
321,665600ATB
321,670000ATB
321,686700ATB
322,158631ALQ
322,158632ALQ
322,215001ACH
322,228902ACH
322,303403ATR
322,359730BIJ
322,359731BIJ
322,379302ACH
322,379330ALQ
322,533700ALQ
322,704501BIJ
322,704502BIJ
322,704503BIJ
323,142703BIJ
323,142706BIJ
323,142708BIJ
323,142709BIJ
323,142710BIJ
323,142711BIJ
323,142712BIJ
323,142713BIJ
323,142714BIJ
323,142715BIJ
323,142717BIJ
323,142718BIJ
323,142719BIJ
323,142720BIJ
323,142728BIJ
323,142733BIJ
323,142734BIJ
323,148001BIJ
323,148002BIJ
323,148003BIJ
323,148004BIJ
323,148005BIJ
323,148006BIJ
323,148008BIJ
323,163701BIJ
323,230301BIJ
325,107139BIJ
325,107140BIJ
325,107141BIJ
325,107142BIJ
325,107143BIJ
325,107144BIJ
325,107145BIJ
325,107148BIJ
325,107152BIJ
325,107153BIJ
325,107154BIJ
325,107155BIJ
325,107156BIJ
325,107158BIJ
325,107159BIJ
325,107160BIJ
325,418400BIJ
325,422400BIJ
325,422500BIJ
325,434700ATB
325,452200BIJ
325,455300BIJ
325,464500BIJ
325,475600BIJ
325,475700BIJ
325,477600BIJ
325,477700BIJ
325,480500BIJ
325,481000BIJ
325,482300BIJ
325,489931BIJ
325,505100BIJ
325,505200BIJ
325,505300BIJ
325,513400BIJ
325,524200BIJ
325,524300BIJ
325,524400BIJ
325,524500BIJ
325,524600BIJ
325,526700BIJ
325,529300ALQ
325,529400ALQ
325,529500ASS
325,529600ASS
325,598900BIJ
325,607900BIJ
325,608000BIJ
325,619400BIJ
325,619500BIJ
325,619600BIJ
325,619700BIJ
325,619800BIJ
325,619900BIJ
325,635400BIJ
325,635500BIJ
325,636600BIJ
325,667700BIJ
325,676400BIJ
325,687300BIJ
325,712100BIJ
325,723600BIJ
325,723700BIJ
325,723800BIJ
325,724900BIJ
325,725000BIJ
325,725100BIJ
325,726000BIJ
325,726100BIJ
325,727200BIJ
325,728600BIJ
325,728700BIJ
325,728800BIJ
325,728900BIJ
325,729000BIJ
325,729100BIJ
325,730400BIJ
325,731100BIJ
325,731300BIJ
325,732200BIJ
325,733700BIJ
325,733800BIJ
325,733900BIJ
325,735100BIJ
325,738500BIJ
325,741700BIJ
325,742700BIJ
325,742800BIJ
329,230503BIJ
329,230504BIJ
329,441030BIJ
329,441031BIJ
329,441033BIJ
329,486700BIJ
329,486800BIJ
329,511900BIJ
329,612400BIJ
331,215801ATR
331,215803BIJ
331,215804BIJ
331,215807BIJ
331,228701BIJ
331,228703BIJ
331,228707BIJ
331,228708BIJ
331,228709BIJ
331,228710BIJ
331,228711BIJ
331,228712BIJ
331,228713BIJ
331,228714BIJ
331,228715BIJ
331,228719BIJ
331,228722BIJ
331,228726BIJ
331,228728BIJ
331,228757BIJ
331,319000BIJ
331,319500BIJ
331,319600BIJ
331,319700BIJ
331,319800BIJ
331,320000BIJ
331,320100BIJ
331,320200BIJ
331,320300BIJ
331,320400BIJ
331,320600BIJ
331,320700BIJ
331,320900BIJ
331,348500BIJ
331,348600BIJ
331,348700BIJ
331,349000BIJ
331,349300BIJ
331,349400BIJ
331,349500BIJ
331,367800BIJ
331,389800BIJ
331,400600BIJ
331,496200BIJ
331,496300BIJ
331,496700BIJ
331,518100BIJ
331,519400BIJ
331,653700BIJ
332,152904BIJ
332,152905BIJ
332,152906BIJ
332,168430BIJ
332,168431BIJ
332,194801CDS
332,238201DPD
332,242501ACH
332,242530BIJ
332,242531BIJ
332,372504CDS
332,372505CDS
332,372506CDS
332,454205CDS
332,454206CDS
332,511801CDS
332,650701BIJ
333,140230BIJ
333,140231BIJ
333,140232BIJ
333,140233BIJ
333,140234BIJ
333,152130BIJ
333,152131BIJ
333,152132BIJ
333,152133BIJ
333,152134BIJ
333,168630BIJ
333,168631BIJ
333,168632BIJ
333,168636BIJ
333,168637BIJ
333,168638BIJ
333,198430BIJ
333,198432BIJ
333,249103ATB
333,249105ATB
333,380700BIJ
333,450130BIJ
333,465830BIJ
333,465831BIJ
333,511401ATB
333,511402ATB
333,511403ATB
333,511404ACH
333,511404ATB
333,613701ACH
333,613702ACH
333,617001ATB
333,617002ATB
333,643601ATB
333,643602ATB
333,643603ATB
333,650501BIJ
339,116201ATB
339,116202ATB
339,133201ACR
339,133201ATB
339,133201ATR
339,133202ATB
339,133203ACR
339,133203ATR
339,158930BIJ
339,158931BIJ
339,158932BIJ
339,158933BIJ
339,158934BIJ
339,158935BIJ
339,158936BIJ
339,174701ATB
339,181801BIJ
339,181802BIJ
339,181803BIJ
339,216030BIJ
339,220330BIJ
339,226101ATB
339,226103ATR
339,239201ATB
339,239202ATB
339,319200BIJ
339,321000BIJ
339,431630BIJ
339,431631BIJ
339,431632BIJ
339,431633BIJ
339,431730BIJ
339,431731BIJ
339,431732BIJ
339,431733BIJ
339,431734BIJ
339,486601BIJ
339,486602BIJ
339,486603BIJ
339,486604BIJ
339,486605BIJ
339,488300BIJ
339,506100ATB
339,506230BIJ
339,506231BIJ
339,506232BIJ
339,590530BIJ
339,590701ATB
339,590702ATB
339,607800BIJ
339,615401BIJ
339,618830BIJ
339,628330BIJ
339,633130BIJ
339,649701BIJ
339,649702BIJ
339,649703BIJ
339,649704BIJ
339,649705BIJ
339,666801BIJ
339,666802BIJ
339,666803BIJ
339,666804BIJ
339,666805BIJ
339,670201BIJ
339,670202BIJ
339,670203BIJ
339,670204BIJ
339,670501BIJ
339,670502BIJ
339,670503BIJ
339,670504BIJ
339,670505BIJ
339,675600ALQ
339,676701BIJ
339,676702BIJ
339,676703BIJ
339,676704BIJ
339,676705BIJ
339,684901BIJ
339,687200ATR
339,694301BIJ
339,694302BIJ
339,694303BIJ
339,694304BIJ
339,694305BIJ
339,698300ALQ
339,700001BIJ
339,720901BIJ
339,724101BIJ
339,724102BIJ
339,724103BIJ
339,724104BIJ
339,733001BIJ
339,733002BIJ
339,733003BIJ
339,733004BIJ
339,739201ATB
339,740401ATB
339,740402ATB
341,228503BIS
341,228504BIS
341,228505BIS
341,228506BIS
341,228509BIS
341,228515BIS
341,228518BIS
341,228519BIS
341,228523BIS
341,228531BIS
341,228532BIS
341,322800BIS
341,323200BIS
341,323400BIS
341,350400BIS
341,365900BIS
341,366000BIS
341,393301DPD
341,408401DPD
341,429900BIS
341,473100BIS
341,478900BIS
341,479300BIS
341,479500BIS
341,510100BIS
341,510200BIS
341,510300BIS
341,606600BIS
341,606700BIS
341,645100BIS
341,650300BIS
341,669500BIS
349,228744CIS
349,249202CIS
349,324100BIS
349,326500BIS
349,349700BIS
349,354200BIS
349,355200CIS
349,362200CIS
349,366100BIS
349,366200BIS
349,366300BIS
349,449000BIS
349,449100BIS
349,449200BIS
349,449800BIS
349,449900BIS
349,450000BIS
349,463700BIS
349,463900BIS
349,464000BIS
349,464700BIS
349,464800BIS
349,509600BIS
349,509700BIS
349,509800BIS
349,510700BIS
349,510800BIS
349,511000BIS
349,513500BIS
349,515300BIS
349,516900BIS
349,517000BIS
349,644300BIJ
349,659300BIS
349,659400BIS
349,665700BIS
349,665800BIS
349,665900BIS
349,681600BIS
349,681800BIS
349,682000BIS
391,110530BIJ
391,110531BIJ
391,117701ATB
391,123907ACS
391,123908ACS
391,124001ACH
391,124002ACH
391,180901ATB
391,191201ATB
391,205002ACM
391,205002APD
391,246501ATB
391,305900ACH
391,427800ACH
391,448000ACH
391,457501ATB
391,474931AGN
391,487202ATB
391,487202ATD
391,487203ATB
391,487203ATD
391,487802ACH
391,506001ATB
391,665301ATB
391,665401ATB
391,715101ATB
391,716301ATB
391,716401ATB
391,720701ATB
392,140701BIJ
392,142501BIJ
392,150930BIJ
392,160430BIJ
392,160431BIJ
392,160432BIJ
392,160433BIJ
392,166502BIJ
392,182503ATB
392,182530BIJ
392,182531BIJ
392,182532BIJ
392,182533BIJ
392,182534BIJ
392,182535BIJ
392,182536BIJ
392,182537BIJ
392,182539BIJ
392,190930BIJ
392,199201ATB
392,199202ATB
392,209901ACH
392,209902ACH
392,228502BIJ
392,228536BIJ
392,360530BIJ
392,363401ATB
392,363401BIJ
392,459701AGN
392,459701ATD
392,459702ACH
392,480101ACH
392,486001ATD
392,486002ATD
392,486003ATD
392,486004ATB
392,486005ATB
392,486006ATB
392,486007ASS
392,486009APD
392,486010ASS
392,494001APD
392,512001ACH
392,566132BIJ
392,566134BIJ
394,105001ATB
394,137801ATB
394,567401ATB
394,567403ATB
395,439701BIJ
395,442101BIJ
395,451201ATE
395,451202ATE
395,466230BIJ
395,498430BIJ
395,498530BIJ
395,499001BIJ
395,518730BIJ
395,637701BIJ
395,637830BIJ
395,637901BIJ
395,650401BIJ
395,650402BIJ
395,650403BIJ
395,650404BIJ
395,650405BIJ
395,721001BIJ
396,100601ATB
396,100602ATB
396,165402ATB
396,165602ATB
396,165603ATR
396,165604ATR
396,165701ATB
396,165702ATB
396,165703ATB
396,165704ATB
396,165801ATB
396,170130BIJ
396,170131BIJ
396,170430BIJ
396,170431BIJ
396,175330BIJ
396,175331BIJ
396,175332BIJ
396,175333BIJ
396,191501ATB
396,191502ATB
396,191502ATR
396,191503ATB
396,191503ATR
396,191504ATB
396,191504ATR
396,191505ATR
396,249001ATB
396,249002ATB
396,379501ATB
396,379502ATB
396,379503ATB
396,430202ATB
396,430203ATB
396,431901ATB
396,431902ATB
396,441330BIJ
396,441331BIJ
396,441332BIJ
396,441333BIJ
396,443400ATB
396,443500ATB
396,461830BIJ
396,461831BIJ
396,461832BIJ
396,474200ATB
396,474300ATB
396,474300ATR
396,484930BIJ
396,484931BIJ
396,486101ATB
396,488730BIJ
396,497200ATB
396,498100ATB
396,498600ATB
396,500801ATB
396,501101ATB
396,501102ATB
396,501103ATB
396,502300ATB
396,502300ATR
396,502900ATB
396,507000ATB
396,507100ATB
396,513700ATB
396,513700ATR
396,518500ATR
396,518600ATR
396,519600ATB
396,520500ATB
396,520600ATB
396,520700ATB
396,523800ATR
396,524700ATR
396,525500ATB
396,525600ATB
396,525901ATB
396,527301ATB
396,527302ATB
396,613301ATB
396,613302ATB
396,616401ATB
396,619101ATB
396,624202ATB
396,624203ATB
396,626700BIJ
396,626830BIJ
396,627301ATB
396,628201ATB
396,628202ATB
396,630500ATB
396,630600ATB
396,632000ATR
396,635600ATR
396,635700ATR
396,639601ATB
396,639701BIJ
396,639702BIJ
396,639800ATR
396,641400ATR
396,641800ATR
396,641900ATR
396,642000ATR
396,645000ATR
396,645301ATB
396,648400ATB
396,648500ATB
396,648600ATB
396,649000ATB
396,649100ATB
396,649200ATB
396,649300ATB
396,649400ATB
396,649500ATB
396,649900ATR
396,650000ATR
396,650100ATR
396,653800ATR
396,653900ATR
396,654000ATR
396,654100ATR
396,655700ATR
396,664600ATB
396,664700ATB
396,664800ATB
396,666700BIJ
396,667000BIJ
396,671800ATR
396,672000ATR
396,672500ATR
396,672600ATR
396,672700ATR
396,672800ATR
396,673800ATR
396,674301ATB
396,675100ATB
396,683300ATR
396,683400ATR
396,685801ATB
396,693201ATB
396,693202ATB
396,693301ATB
396,693302ATB
396,693402ATB
396,693501ATB
396,693502ATB
396,693900BIJ
396,694201ATB
396,694202ATB
396,694203ATB
396,695301ATB
396,695401ATB
396,696900ATB
396,697000ATB
396,701201ATB
396,702400ATB
396,702500ATB
396,702600ATB
396,702700ATB
396,704100ATB
396,704200ATB
396,704300ATB
396,705100ATB
396,705200ATB
396,705300ATB
396,706900ATB
396,708200ATR
396,708300ATR
396,708400ATR
396,709300ATR
396,709400ATR
396,709500ATR
396,710900ATR
396,711000ATR
396,711100ATR
396,711300ATB
396,711400ATB
396,712901ATB
396,712902ATB
396,715200ATR
396,715300ATR
396,715400ATR
396,715500ATR
396,715701ATB
396,718200ATR
396,718300ATR
396,718500ATR
396,718600ATR
396,718700ATR
396,718800ATR
396,718900ATR
396,719000ATR
396,719100ATR
396,719200ATR
396,719300ATR
396,719400ATR
396,719700ATB
396,720300ATB
396,721700ATR
396,721900ATR
396,722200ATR
396,722300ATR
396,722400ATR
396,722500ATR
396,722900ATR
396,723000ATB
396,723100ATB
396,723500ATB
396,723900ATB
396,724400ATB
396,724500ATB
396,724700ATB
396,724800ATB
396,726300ATR
396,726800ATR
396,726900ATR
396,731200ATR
396,731800ATR
396,731900ATR
396,732000ATR
396,732101ATB
396,732600ATB
396,732700ATB
396,732800ATB
396,732900ATB
396,734900ATR
396,735000ATR
396,739900ATR
399,112201ACH
399,115601ATB
399,118701ATB
399,122501ATB
399,122502ATB
399,130231BIJ
399,130232BIJ
399,132502ACH
399,140403BIJ
399,142801ACH
399,142802ACH
399,164301BIJ
399,173601BIJ
399,173602BIJ
399,180830ASY
399,180833ASY
399,207930BIJ
399,228301ATB
399,228303ATB
399,228305ATB
399,228307ALQ
399,237830BIJ
399,250901ATB
399,250901ATR
399,250902ATR
399,328200BIJ
399,354500BIJ
399,358001ATB
399,358002ATB
399,367730ASS
399,379601ATE
399,420730BIJ
399,420731BIJ
399,420732BIJ
399,442302ATB
399,442302ATE
399,442330ATB
399,461501BIJ
399,461502BIJ
399,468000ATE
399,480304ATB
399,480330BIJ
399,481100ATB
399,484001ACH
399,500200ATB
399,505901ACH
399,511200ATB
399,512301ATB
399,515001ATB
399,517401ATB
399,517402ATB
399,517403ATB
399,518400ATB
399,523900ATB
399,524901ATB
399,526030BIJ
399,530045BIJ
399,530046BIJ
399,617101ATB
399,618401ATD
399,629001BIJ
399,629002BIJ
399,629003BIJ
399,646601ACH
399,659200ACH
399,659200ATB
399,674500ATB
399,680701BIJ
399,691701BIJ
399,691702BIJ
399,691703BIJ
399,691901BIJ
399,698200ATB
399,729501ATB
399,729502ATB
421,100101APD
421,100102ACH
421,104501BIJ
421,109001ATB
421,117201ATB
421,117202ATB
421,120630BIJ
421,122701ATB
421,122702ATB
421,123730BIJ
421,123731BIJ
421,123732BIJ
421,123733BIJ
421,123734BIJ
421,123735BIJ
421,134530BIJ
421,134533BIJ
421,134534BIJ
421,134830BIJ
421,139001ATB
421,139005BIJ
421,139631BIJ
421,139633BIJ
421,139634BIJ
421,139635BIJ
421,139636BIJ
421,139637BIJ
421,139638BIJ
421,139901BIJ
421,139902BIJ
421,148340BIJ
421,148341BIJ
421,148342BIJ
421,148344BIJ
421,148346BIJ
421,148348BIJ
421,148350BIJ
421,148351BIJ
421,155101ACH
421,157131BIJ
421,157132BIJ
421,160101BIJ
421,161430BIJ
421,161431BIJ
421,161432BIJ
421,164930BIJ
421,164931BIJ
421,164932BIJ
421,164933BIJ
421,167201BIJ
421,167202BIJ
421,172001ACH
421,172002ACH
421,173301BIJ
421,177430BIJ
421,177431BIJ
421,177433BIJ
421,177435BIJ
421,181401BIJ
421,181403BIJ
421,182201ATB
421,182602BIJ
421,182604BIJ
421,182605BIJ
421,182606BIJ
421,182608BIJ
421,182611BIJ
421,182630BIJ
421,188905ATB
421,189301ATB
421,189302ATB
421,189303ASS
421,189304ASS
421,189330ASS
421,189331ASS
421,189335ASS
421,189901ATB
421,189902BIJ
421,190601ATB
421,192101ATB
421,192139BIJ
421,192141BIJ
421,192142BIJ
421,192143BIJ
421,196530BIJ
421,198001BIJ
421,198003BIJ
421,205803BIJ
421,205830BIJ
421,205834BIJ
421,207830BIJ
421,207831BIJ
421,207832BIJ
421,207833BIJ
421,207835BIJ
421,234501ATB
421,234502ATB
421,241901BIJ
421,242801BIJ
421,242802BIJ
421,242830BIJ
421,244902BIJ
421,244930BIJ
421,247830BIJ
421,248030BIJ
421,248031BIJ
421,248230BIJ
421,248231BIJ
421,309700ACH
421,358202ACH
421,358203ACH
421,358204ACH
421,358401ATB
421,412701ATB
421,412702ATB
421,412703ATB
421,412704ATB
421,422603BIJ
421,422630BIJ
421,422631BIJ
421,452400ACH
421,452500ACH
421,452801BIJ
421,453001ATB
421,463301BIJ
421,463302BIJ
421,467501BIJ
421,467502BIJ
421,477401ATB
421,477402ATB
421,477403ATB
421,481203BIJ
421,481230BIJ
421,481231BIJ
421,481232BIJ
421,481234BIJ
421,481235BIJ
421,481239BIJ
421,484301BIJ
421,484302BIJ
421,484303ATB
421,484304ATB
421,485605ATB
421,485606ATB
421,485607ATB
421,485701ACH
421,485702ACH
421,487701ACH
421,487702ACH
421,487703ACH
421,488001ATB
421,493301ATB
421,493302ATB
421,493304ATB
421,493305ATB
421,495601BIJ
421,495602BIJ
421,503701BIJ
421,507501ATB
421,554330BIJ
421,554331BIJ
421,556430BIJ
421,562601ACH
421,562602ACH
421,568230BIJ
421,568931BIJ
421,588201ACH
421,588201ATB
421,588202ACH
421,588202ATB
421,588203ACH
421,588203ATB
421,588204ACH
421,588204ATB
421,588205ACH
421,588207ACH
421,588207ATB
421,588430BIJ
421,588431BIJ
421,611801ATB
421,611802ATB
421,613901BIJ
421,614330BIJ
421,614601BIJ
421,614602BIJ
421,617501ACH
421,617502ACH
421,617701ACH
421,617702ACH
421,620402ATB
421,620501ATB
421,621001ATB
421,621002ATB
421,621330BIJ
421,623001ATB
421,623002ATB
421,623003ATB
421,623004ATB
421,624101ATB
421,624102ATB
421,624401BIJ
421,624402BIJ
421,624501BIJ
421,624601BIJ
421,624801ATB
421,626001BIJ
421,626002BIJ
421,626101ATB
421,626102ATB
421,626103ATB
421,627401ACS
421,628001ACH
421,628002ACH
421,628003ACH
421,628004ACH
421,628101ACH
421,628901BIJ
421,633330BIJ
421,633331BIJ
421,634401ACH
421,638401BIJ
421,638402BIJ
421,638403BIJ
421,639001BIJ
421,639301BIJ
421,639302BIJ
421,643502ATB
421,643503ATB
421,645201ACH
421,645202ACH
421,645401ATB
421,645402ATB
421,647701BIJ
421,647801BIJ
421,647802BIJ
421,647901BIJ
421,647902BIJ
421,652501ATB
421,652502ATB
421,655201ACH
421,655201ATB
421,655202ACH
421,655202ATB
421,655203ACH
421,655203ATB
421,656201ACH
421,657701BIJ
421,658801BIJ
421,658802BIJ
421,663101ACH
421,663102ACH
421,666002BIJ
421,666401ATB
421,666402ATB
421,666403ATB
421,667101BIJ
421,667102BIJ
421,669601ATB
421,669602ATB
421,675701ATB
421,675702ATB
421,675703ATB
421,676501BIJ
421,676901BIJ
421,676902BIJ
421,678801BIJ
421,678901ACH
421,678901ATB
421,680601ATB
421,680602ATB
421,680603ATB
421,681401ACH
421,681402ACH
421,681403ACH
421,684201ATB
421,686601ATB
421,686602ATB
421,686603ATB
421,687801ATB
421,688601ACH
421,688602ACH
421,688901ACH
421,688902ACH
421,688903ALQ
421,688904ALQ
421,691601ATB
421,691602ATB
421,691603ATB
421,695101ATB
421,699701ATB
421,699702ATB
421,701500BIJ
421,701600BIJ
421,702301ACH
421,706201BIJ
421,707001ACH
421,708701ACH
421,711601ATB
421,711602ATB
421,713401BIJ
421,713601BIJ
421,715800BIJ
421,716001ATB
421,716601BIJ
421,717701ATB
421,717702ATB
421,717703ATB
421,721201ATB
421,721202ATB
421,721203ATB
421,721401BIJ
421,729701BIJ
421,733101ATB
421,733200ATB
421,735201BIJ
421,740001ATB
421,740601ACH
421,740602ACH
421,740603ACH
429,114301BIJ
429,243001ACS
429,348101ACH
429,348102ACH
429,697901ACH
429,697902ACH
431,188801BIJ
431,368401BIJ
431,368501BIJ
431,368610ACH
431,368612ACH
431,368613ACH
431,368614ACH
431,368616ALQ
431,368617ACH
431,368621ACH
431,368627ACH
431,368628ALQ
431,368628BIJ
431,368639ACH
431,368641ACH
431,368647ACH
431,368656ACH
431,368701BIJ
431,368901BIJ
431,369000BIJ
431,369101BIJ
431,369401BIJ
431,369403BIJ
431,369501BIJ
431,369503BIJ
431,369601BIJ
431,369901BIJ
431,370002BIJ
431,382301BIJ
431,418700BIJ
431,428201BIJ
431,430401BIJ
431,448801BIJ
431,472703BIJ
431,472705BIJ
431,472706BIJ
431,472707BIJ
431,472708BIJ
431,472709BIJ
431,482501BIJ
431,490201BIJ
431,648001BIJ
431,691301BIJ
439,383501BIJ
439,383502BIJ
439,455803BIJ
439,455830BIJ
439,455831BIJ
439,485301CDS
439,485302CDS
439,485304CDS
439,488430BIJ
439,488431BIJ
439,488432BIJ
439,488433BIJ
439,503630BIJ
439,503631BIJ
439,503632BIJ
439,512201BIJ
439,512230BIJ
439,517801BIJ
439,617901BIJ
439,623930BIJ
439,623931BIJ
439,623932BIJ
439,623933BIJ
439,641301BIJ
439,641302BIJ
439,645601CSS
439,689602BIJ
439,708801BIJ
439,718101BIJ
611,115502BIJ
611,184201ACH
611,184203ACH
611,184231BIJ
611,229101ATB
611,234901BIJ
611,234902BIJ
611,234903BIJ
611,247201ACH
611,247202ACH
611,247203BIJ
611,247204BIJ
611,247205BIJ
611,412901ATB
611,412903ATB
611,412930BIJ
611,567104BIJ
611,567105BIJ
612,106831BIJ
612,106833BIJ
612,240833COS
612,240834COS
612,240841BIJ
612,240843BIJ
612,240845COO
612,484201BIJ
612,717000BIJ
613,139101ACH
613,223901ACH
613,223902ACH
613,223902ATB
613,223903ATB
613,223904ATB
613,232101BIJ
613,364401ACH
613,519500ATB
614,112701ATB
614,112732ASY
614,112733ASY
614,112734BIJ
614,225301ATB
614,225332ASS
615,131030COS
615,149501ACH
615,149501ATB
615,149502ATB
615,149701ACH
615,149701ATB
615,195903ACH
615,236701ACH
616,108501BIJ
616,210301BIJ
617,140601BIJ
617,149430BIJ
617,149431BIJ
617,149432BIJ
617,149433BIJ
617,149435BIJ
617,152730BIJ
617,152731BIJ
617,173002BIJ
617,196401BIJ
618,108101ACH
618,108103ACH
618,108130ASY
618,108201BIJ
618,108203BIJ
618,108603BIJ
618,125201ACH
618,125204ATR
618,125235ASY
618,125237ASY
618,125238ASY
618,125304ACH
618,125332ASY
618,125333ASY
618,125334ASY
618,125701BIJ
618,125802BIJ
618,125901ACH
618,125931AGN
618,126001ATB
618,126031AGN
618,126032AGN
618,126101BIJ
618,126103BIJ
618,126301ACH
618,126334APD
618,126501BIJ
618,126502BIJ
618,126504BIJ
618,126601BIJ
618,126701BIJ
618,127101BIJ
618,127102BIJ
618,127103BIJ
618,127201BIJ
618,127204BIJ
618,127301BIJ
618,127302BIJ
618,127303BIJ
618,127304BIJ
618,127501BIJ
618,127701BIJ
618,127901ATB
618,127930ASY
618,127931ASY
618,127932ASY
618,128001ATB
618,128030ASY
618,128032ASY
618,128101ACH
618,128301BIJ
618,128302BIJ
618,128303BIJ
618,128501BIJ
618,128503BIJ
618,128701BIJ
618,128801BIJ
618,128803BIJ
618,128804BIJ
618,128805BIJ
618,128806BIJ
618,128807BIJ
618,128903ATB
618,128931ASY
618,129001BIJ
618,129003BIJ
618,129402ACH
618,130001BIJ
618,130002BIJ
618,130003BIJ
618,130101ACH
618,130102BIJ
618,130105ACH
618,159501BIJ
618,163430APD
618,165136BIJ
618,165138CCM
618,190702BIJ
618,190703BIJ
618,190704BIJ
618,193101ACH
618,193101ATB
618,200730BIJ
618,200731BIJ
618,200732BIJ
618,200733BIJ
618,247206BIJ
618,310500ATB
618,310600ATB
618,310700ATB
618,328900BIJ
618,329000BIJ
618,329300BIJ
618,329400BIJ
618,329500BIJ
618,329600BIJ
618,329900BIJ
618,360801BIJ
618,380000ATB
618,381300BIJ
618,381500BIJ
618,440100ATB
618,447701BIJ
618,452001ATB
618,462000ATB
618,467300ASS
618,467400ASS
618,474401ATB
618,474402ATB
618,474432AGN
618,495301BIJ
618,534400ASY
618,534800ASY
618,535000ASY
618,535300ASY
618,535500ASY
618,536300ASY
618,557400BIJ
618,589302ACH
618,593201BIJ
618,659700BIJ
618,731600BIJ
618,800001BIJ
619,134901ATB
619,134902BIJ
619,134904ATB
619,134904ATR
619,134935ASY
619,134937ASY
619,135401ACH
619,135630BIJ
619,135631BIJ
619,311000ATB
619,328500BIJ
619,328600BIJ
619,433300BIJ
619,453200BIJ
619,657600BIJ
621,232801ATE
621,311500ATB
621,483601ATB
622,155602ATB
622,178101ATB
622,220401ATB
622,221201ATB
622,221202ATB
622,380200ATB
622,626901ATB
622,631101ATB
622,703201ATB
623,140501ATB
629,102904ATB
629,102905BIJ
629,102907ATB
629,102934BIJ
629,102940ASY
629,102942ASY
629,102946ATC
629,134103ATB
629,134105ATB
629,134133BIJ
629,134134BIJ
629,134135BIJ
629,157201ATB
629,157202ATB
629,159903ACH
629,159903ATB
629,159905ACH
629,159905ATB
629,159931BIJ
629,159934ASY
629,164602BIJ
629,175001ATB
629,175030ASY
629,179101ACH
629,179101ATB
629,179131ALQ
629,180902ATB
629,183201ATB
629,183202ATB
629,183203ATB
629,183205ATB
629,183233BIJ
629,183234BIJ
629,183235BIJ
629,184901ATB
629,184903ATB
629,203901ATB
629,203904ATB
629,203940BIJ
629,223601ACH
629,223604ACH
629,224401ATB
629,235747ATB
629,242201ATB
629,246701ATB
629,250001CSI
629,358901ACH
629,358902ACH
629,358902APD
629,358903ACH
629,358903APD
629,358907ASS
629,358908ASS
629,358909ASS
629,380301ATB
629,380335BIJ
629,420101ATB
629,428901ATB
629,440001BIJ
629,440002BIJ
629,442901ATB
629,442902BIJ
629,456501ATB
629,456501BIJ
629,459501ATB
629,459503ASY
629,477501BIJ
629,477502BIJ
629,493901ATB
629,497401BIJ
629,498702ATB
629,498703ATB
629,506301ATB
629,506302ATB
629,508901ATB
629,510501BIJ
629,513100ATB
629,517300ATB
629,566202ATE
629,566230ASS
629,599900ATB
629,617801ATB
629,628601ATB
629,637101ATB
629,641600ATB
629,644401ATB
629,645800ATB
629,646700ATB
629,646901ACH
629,646902ACH
629,646903ACH
629,646906ASS
629,647600ATB
629,655900ATB
629,658300ATB
629,658400ATB
629,664901ATB
629,665001ATB
629,665101ATB
629,665201ATB
629,665501ATB
629,669700ATB
629,676001ATB
629,676001BIJ
629,676002ATB
629,676002BIJ
629,676800ATB
629,686101ATB
629,686500ATB
629,687400ATB
629,690801BIJ
629,703500ATB
629,707100ATB
629,707201ATB
629,708100ATB
629,716701ATB
629,740101BIJ
629,740201BIJ
629,801601BIJ
631,483501BIJ
632,474601BIJ
632,474602BIJ
632,474603BIJ
632,474605BIJ
633,109501BIJ
634,109201BIJ
634,109202BIJ
634,109301BIJ
634,169301BIJ
634,169502BIJ
634,169503BIJ
634,169601BIJ
634,169702BIJ
634,169703BIJ
634,169801BIJ
634,169930BIJ
634,169931BIJ
634,169932BIJ
634,169933BIJ
634,169934BIJ
634,169935BIJ
634,169936BIJ
634,169937BIJ
634,169938BIJ
634,169939BIJ
634,169940BIJ
634,169941BIJ
634,169942BIJ
634,173930BIJ
634,173931BIJ
634,174130BIJ
634,227101BIJ
634,227102BIJ
634,227103BIJ
634,227104BIJ
634,346900CDS
634,354800CDS
634,363532BIJ
634,363533BIJ
634,420500CLQ
634,425100CDS
634,472801BIJ
634,472802BIJ
634,472803BIJ
634,568400CLQ
634,617400CLQ
634,634101BIJ
634,635801BIJ
634,663300CLQ
634,666300CLQ
634,710801BIJ
634,710802BIJ
634,713700CLQ
634,713800CLQ
634,801300CLQ
634,801400CLQ
635,482030BIJ
636,484130BIJ
639,175730BIJ
639,175732BIJ
639,175801BIJ
639,588530BIJ
639,689002BIJ
639,689003BIJ
641,171701ATB
641,171702ATB
641,171703ATB
641,171704ATB
641,171705ATB
641,189101ATB
641,194101ATB
641,194131BIJ
641,204930BIJ
641,217701ATB
641,239801ATB
641,239803ATB
641,312100ATB
641,439000ATB
641,483301ATB
641,616200ATB
642,104303ATB
642,216702ATB
713,249201BIJ
713,249202BIJ
719,372201CLQ
721,113937APD
721,113949APD
721,156030BIJ
721,156031BIJ
721,176030BIJ
721,176031BIJ
721,176032BIJ
721,176033BIJ
721,176034BIJ
721,176035BIJ
721,176038BIJ
721,176039BIJ
721,176132BIJ
721,176133BIJ
721,176134BIJ
721,176135BIJ
721,176137BIJ
721,176139BIJ
721,176142BIJ
721,176331BIJ
721,176333BIJ
721,176334BIJ
721,176335BIJ
721,176336BIJ
721,176337BIJ
721,176338BIJ
721,176339BIJ
721,176340BIJ
721,176341BIJ
721,176342BIJ
721,176343BIJ
721,176344BIJ
721,176345BIJ
721,176346BIJ
721,176348BIJ
721,176350BIJ
721,176351BIJ
721,176352BIJ
721,176353BIJ
721,176358BIJ
721,176362BIJ
721,176364BIJ
721,176374BIJ
721,176385BIJ
721,176388BIJ
721,176389BIJ
721,176392BIJ
721,176393BIJ
721,176394BIJ
721,176396BIJ
721,176398BIJ
721,176431BIJ
721,176432BIJ
721,176433BIJ
721,176435BIJ
721,176436BIJ
721,176437BIJ
721,176438BIJ
721,176439BIJ
721,176440BIJ
721,176441BIJ
721,176442BIJ
721,176451BIJ
721,176458BIJ
721,176517BIJ
721,176530BIJ
721,176531BIJ
721,176532BIJ
721,176534BIJ
721,176535BIJ
721,176536BIJ
721,176537BIJ
721,176538BIJ
721,176540BIJ
721,176541BIJ
721,176542BIJ
721,176543BIJ
721,176544BIJ
721,176545BIJ
721,176546BIJ
721,176547BIJ
721,176548BIJ
721,176550BIJ
721,176551BIJ
721,176554BIJ
721,176731BIJ
721,176732BIJ
721,176733BIJ
721,176736BIJ
721,176737BIJ
721,176738BIJ
721,176745BIJ
721,176746BIJ
721,176750BIJ
721,176933BIJ
721,176934BIJ
721,176936BIJ
721,176937BIJ
721,176938BIJ
721,176942BIJ
721,176943BIJ
721,176944BIJ
721,176945BIJ
721,466430BIJ
721,466431BIJ
721,466432BIJ
721,466433BIJ
721,466831BIJ
721,471630BIJ
721,471631BIJ
721,471632BIJ
721,471633BIJ
721,471634BIJ
721,487301BIJ
721,499700AGN
721,522500ALQ
721,536800ASS
721,615131BIJ
721,615132BIJ
721,615133BIJ
721,615134BIJ
721,616300APD
721,634700ALQ
721,634700APD
721,656000ALQ
721,676300APD
721,682600APD
722,161130BIJ
722,174530BIJ
725,376701ATB
728,167130BIJ
728,366530BIJ
728,466501BIJ
729,138201BIJ
729,166431ALQ
729,166433ALQ
729,166435ALQ
729,688001BIJ
732,393501CLQ
732,408501DMS
732,485101CLQ
732,485102CLQ
739,485107CLQ
799,430000CLQ
811,137703ATB
811,144901ATR
811,197230BIJ
811,197231BIJ
811,197301ATR
811,197302ATR
811,197305ATB
811,197330BIJ
811,197331BIJ
811,197332BIJ
811,197334BIJ
811,197335BIJ
811,197336BIJ
811,197339BIJ
811,197340BIJ
811,313400ACH
811,441102ATB
811,441130BIJ
811,441131BIJ
811,518200ATB
811,518300ATB
821,104730BIJ
821,158209CPC
821,158210CPC
821,158211CPC
821,158213CPC
821,158305ATC
821,158305ATL
821,158306ATC
821,158306ATL
821,158307ATC
821,158308ATC
821,158313ATC
821,158314ATC
821,158314ATL
821,158315ATC
821,158316ATC
821,158317ATC
821,158321ATL
821,158322ATL
821,158330BIJ
821,158331BIJ
821,158332BIJ
821,158333BIJ
821,158334BIJ
821,158336ATL
821,158337ATL
821,158338ATL
821,211530BIJ
821,211531BIJ
821,232530BIJ
821,232531BIJ
821,359001ATR
821,359002ATB
821,359002ATR
821,359003ATB
821,359003ATR
821,359004ATB
821,359007ATR
821,359030BIJ
821,359031BIJ
821,457601BIJ
821,457602BIJ
821,457603BIJ
821,517100ATR
821,517200ATR
821,564000ATR
821,564100ATR
821,628401ATB
821,628401ATR
821,628402ATR
821,628404ATR
821,630901CSI
821,630904CSI
821,630907CSI
821,630910CSI
821,630911CSI
821,667600ATR
